Posts,Limit,Duration
360,10,168.1305271
3326,100,914.3339983
3325,100,883.09
6579,500,1851.617
6583,1000,1851.055285
1740,50,482.7637501
6635,250,1754.295288
4634,150,1242.1639261
