Posts,Limit,Duration
360,10,168.1305271
3326,100,914.3339983
3325,100,883.09
6579,500,1851.617
